<application>
  <component name="ProjectManager">
    <defaultProject>
      <component name="AutoImportSettings">
        <option name="autoReloadType" value="SELECTIVE" />
      </component>
      <component name="GOROOT" url="file://C:/Program Files/Go" />
      <component name="PropertiesComponent"><![CDATA[{
  "keyToString": {
    "configurable.GoLibrariesConfigurable.is.expanded": "true",
    "go.import.settings.migrated": "true",
    "settings.editor.selected.configurable": "go.sdk"
  }
}]]></component>
    </defaultProject>
  </component>
</application>